name;lastname;dni
zS90;DYRZjR;29091720
1n9g;U7ndER;16670435
WcN4;FXMNcp;55097930
JzO9;FS124B;78211356
hACh;aoRKSZ;08437158
ZVcS;xt1vYO;65192554
sJJQ;M28iqV;09414832
xRlk;wBd4I3;13590217
xMPn;ebQoik;98622452
HiYU;xU50G7;88474844
w9tR;ARU3IQ;61019953
2pnU;PoJuQZ;63706286
2gf8;oYKNd3;62840698
121M;Uw1TtT;54242134
ak3A;FRU6i1;64155216
ANpW;5DhhyZ;86649924
rqeI;77ZHE1;62608546
i4wx;Xoe2hs;57086934
IYGC;VBQXiM;10692613
GKzB;P3cMbM;89081230
irzA;vEdTFX;18383682
LqoG;yj9A4O;50117635
ox3Z;FggFGk;00055384
Rqrv;WqOizR;52222831
IX8z;ZA3LbQ;07752892
KaXC;0cSXVd;28692953
QOPV;ResfcH;38057723
62gc;eXesAx;48979056
PN1C;u8Whmz;61563397
bnDo;L52whG;38314053
LQqe;5Ch9E3;25385279
qAPZ;aQ6DiX;57177815
ri0J;3omdX9;51444231
TUrJ;rJBbWt;36810151
P3h2;6k3M3V;09173900
pqZ2;kQxNUl;64942743
t2Qs;je3vKX;21863261
sgu8;6Qg00H;88792537
fmEH;CGFJKO;97039010
SKMJ;IdbUPc;96741349
d2iN;zCFTpB;49007055
rRoO;LSadDD;38303005
tHCH;Fi5ggE;69616476
LMO5;o8EXKP;84589634
g62d;XYIZhG;17370687
4mgf;w10HGb;82360742
DYNS;qGMx3A;83215225
T7PE;RKYmku;34727509
UOnS;HWDcCc;12341287
IiV0;7NVFGs;01378730
w5BC;LHfOSl;88358430
v1Sb;MVEDuA;64973999
BHsw;kJeds8;64443181
5GQD;q0E2wr;17210271
hPay;8qFDRx;21185599
AyMZ;XkGmBo;81010060
JD6r;pNYHRA;24803108
Uh7x;XDrJ6l;13661195
dJtp;TfWCfG;17356304
XfCy;w68cac;35709239
k5mf;WaGQmm;20613423
W5Nk;43JxZc;51106349
j1zI;XVKYf9;90483725
Ugc6;ZV7kKl;23923390
4q9U;4Ef4hN;35995145
zRFb;NLDSNh;86883346
o5or;S4TB7g;13695726
df1p;r3xT51;99112865
wTbl;P4g9eo;50838615
wgct;IhaFbu;95251130
zL4m;a0iRxC;47081765
UpVM;JEDXdx;53159847
HfyE;ZU9B9A;63659877
yMC0;FloY9d;82709944
wUxe;vetRIL;05956642
a1ab;FUprXl;26726654
4Nvc;3yA6ll;84557680
1mdz;BkAqc5;45588885
t2Q0;NDL3SU;39317270
YOHF;f1rvdR;04385801
z7Z6;YnC2sg;47188665
wJ4d;Bjc4c3;92054250
EfEV;ofIXOW;34546200
tNRP;uHRqyG;32145135
6hLB;xRrndd;37621634
s0qu;lMZrMp;22348984
rs4e;R1SGj2;85881783
iPEN;OAhg93;21030705
372Z;vOTJDy;00741500
gXic;kj9anQ;03204563
Ky3x;5Xgpqa;80846246
YtXk;5pttkK;77547186
5ajf;veKaLv;61726595
nZT4;bzgvpQ;11568639
Xb93;c3RI9l;47854786
K1yf;WZsYVt;68971822
NFtg;DF88Gj;61090048
ohgB;LwrEYb;62567653
GxLc;RM0epE;52759965
Ke6v;5U80f1;09592082
